loc,status,year,sex,collect,spend,cost,avg,country1,country2,type1,type2,type3
扬州,984,2007,,25,57,910,0.0,中国大陆,美国,剧情,科幻,动作
南京,903,2010,,6,,,,,,,,
Tbilisi,168,2018,M,49,250,140,0.8,日本,美国,动画,剧情,奇幻
盘锦,67,2013,M,75,232,3990,0.2,美国,中国大陆,动作,剧情,冒险
上海,697,2010,,431,955,2870,1.0,美国,英国,剧情,喜剧,惊悚
上海,415,2014,M,223,977,5880,0.9,美国,中国大陆,剧情,动作,冒险
Milano,558,2014,M,19,60,280,0.1,美国,日本,剧情,传记,悬疑
深圳,1555,2010,,933,2496,7070,2.0,美国,日本,剧情,动作,惊悚
扬州,1416,2018,,377,992,5250,5.1,美国,英国,剧情,动作,犯罪
武汉,164,2013,,7,,,,,,,,
北京,305,2007,,236,1265,1050,0.4,美国,日本,剧情,爱情,喜剧
深圳,341,2010,M,85,240,2380,0.2,美国,中国大陆,剧情,奇幻,喜剧
上海,429,2008,M,304,1460,8190,0.5,美国,中国大陆,剧情,喜剧,动作
哈尔滨,1098,2011,F,333,1580,7350,0.8,美国,中国大陆,剧情,动作,喜剧
上海,4913,2007,M,1688,5035,21490,2.7,美国,中国大陆,剧情,动作,冒险
北京,2703,2010,,1117,7397,12110,2.3,日本,中国大陆,剧情,动画,动作
上海,1890,2010,F,469,1924,5250,0.9,美国,日本,剧情,爱情,喜剧
上海,824,2015,M,243,2365,2870,1.1,中国大陆,美国,剧情,动作,爱情
,338,2017,,182,467,6790,2.0,中国大陆,美国,剧情,动作,喜剧
,415,2013,,381,2205,5180,1.2,美国,中国大陆,剧情,喜剧,爱情
杭州,1342,2011,M,193,623,2100,0.5,美国,香港,喜剧,动作,剧情
广州,1190,2018,U,12,41,0,0.2,美国,日本,剧情,动画,爱情
北京,275,2008,,645,4227,7210,1.1,中国大陆,香港,剧情,犯罪,爱情
成都,265,2010,F,7,,,,,,,,
长沙,89,2019,F,44,116,1190,2.4,美国,日本,剧情,奇幻,爱情
上海,2446,2012,F,70,414,980,0.2,美国,日本,剧情,喜剧,爱情
上海,1247,2009,M,15,27,350,0.0,中国大陆,香港,剧情,爱情,喜剧
南京,318,2019,M,2,,,,,,,,
喀什,601,2008,,0,,,,,,,,
上海,424,2008,,131,346,3010,0.2,美国,中国大陆,剧情,喜剧,家庭
北京,280,2018,F,216,1888,2240,3.0,美国,日本,动画,喜剧,剧情
上海,4,2017,F,156,481,1470,1.4,日本,英国,剧情,爱情,同性
北京,2842,2017,F,318,904,6650,3.5,美国,中国大陆,剧情,爱情,喜剧
上海,229,2017,,0,,,,,,,,
北京,3382,2016,M,716,2784,10290,5.0,日本,美国,动画,剧情,动作
,,,,,,,,,,,,
北京,243,2012,M,157,477,3850,0.4,美国,中国大陆,剧情,动作,喜剧
杭州,1980,2011,U,936,2918,18970,2.2,美国,中国大陆,剧情,喜剧,爱情
北京,4863,2010,F,406,1300,6860,0.9,美国,香港,剧情,爱情,动作
南京,151,2014,M,31,69,1190,0.1,美国,中国大陆,剧情,喜剧,动作
武汉,19,2010,,3,,,,,,,,
成都,196,2017,,25,47,1400,0.2,美国,中国大陆,动作,剧情,科幻
深圳,4437,2007,F,1377,3188,19810,2.3,美国,法国,剧情,爱情,喜剧
杭州,468,2011,,253,735,1470,0.7,美国,英国,剧情,爱情,喜剧
北京,329,2013,F,22,120,490,0.1,美国,中国大陆,剧情,喜剧,爱情
Tōkyō,11533,2009,,2515,8902,14000,4.6,日本,美国,剧情,喜剧,爱情
Toronto,7465,2009,F,809,2777,5530,1.6,美国,日本,剧情,动画,喜剧
北京,512,2005,,1079,4858,7140,2.1,美国,中国大陆,剧情,动作,喜剧
武汉,2157,2011,,104,556,2030,0.3,日本,美国,剧情,喜剧,动画
宁波,945,2010,,60,244,560,0.1,日本,美国,剧情,动画,悬疑
上海,831,2010,M,5,,,,,,,,
Reykjavík,222,2011,,17,39,770,0.0,美国,中国大陆,剧情,动作,冒险
北京,891,2011,M,166,532,4550,0.4,中国大陆,美国,剧情,动作,喜剧
上海,5891,2010,F,558,1480,7210,1.1,美国,中国大陆,剧情,喜剧,爱情
,52,2018,,0,,,,,,,,
,1071,2012,M,23,44,770,0.1,中国大陆,美国,剧情,喜剧,冒险
İstanbul,4895,2008,F,431,2677,4410,0.8,美国,日本,剧情,喜剧,爱情
北京,1706,2009,,275,762,2170,0.5,美国,英国,剧情,喜剧,爱情
San Francisco Bay Area,2971,2007,,467,1311,4060,0.7,美国,香港,剧情,爱情,喜剧
重庆,840,2011,U,420,815,9870,1.0,美国,中国大陆,动作,喜剧,剧情
长沙,141,2012,M,90,987,1610,0.3,中国大陆,美国,剧情,犯罪,动作
广州,584,2009,M,166,847,3080,0.3,美国,中国大陆,剧情,喜剧,爱情
北京,707,2013,F,71,226,1610,0.3,美国,中国大陆,剧情,爱情,喜剧
北京,2510,2011,,9,,,,,,,,
成都,1121,2013,F,1200,5547,7210,4.1,美国,英国,剧情,喜剧,爱情
北京,485,2007,F,239,568,5950,0.4,中国大陆,美国,剧情,爱情,动作
上海,565,2014,F,188,913,4410,0.8,中国大陆,美国,剧情,爱情,喜剧
beitun,1107,2006,M,1955,6897,9310,2.9,美国,日本,剧情,动作,喜剧
烟台,668,2011,M,211,1379,2940,0.5,美国,中国大陆,剧情,喜剧,动作
上海,999,2015,M,143,509,1680,0.7,美国,日本,动画,剧情,科幻
,105,2018,,59,115,3920,1.8,美国,中国大陆,剧情,喜剧,动作
广州,755,2012,M,66,270,1400,0.2,美国,日本,剧情,爱情,动画
北京,750,2010,U,797,2126,6160,1.6,日本,美国,剧情,动画,喜剧
北京,1645,2013,,23,61,350,0.1,美国,日本,剧情,喜剧,爱情
北京,3988,2011,F,367,1169,2870,0.9,美国,中国大陆,剧情,喜剧,动画
广州,719,2017,F,67,285,770,0.6,日本,美国,剧情,喜剧,纪录片
哈尔滨,934,2007,M,212,610,4410,0.4,美国,中国大陆,剧情,犯罪,动作
北京,638,2009,F,8,,,,,,,,
北京,3397,2010,,9,,,,,,,,
上海,1156,2017,U,196,885,3360,2.2,美国,中国大陆,剧情,动作,冒险
上海,2207,2010,,482,2007,7630,1.0,美国,日本,剧情,动作,科幻
北京,457,2011,M,212,661,5950,0.5,美国,中国大陆,剧情,动作,喜剧
,3,2019,,2,,,,,,,,
南京,1366,2019,F,53,153,420,2.5,美国,英国,剧情,喜剧,悬疑
,199,2017,,3,,,,,,,,
黑河,323,2017,M,63,285,1260,0.9,香港,中国大陆,喜剧,剧情,动作
深圳,123,2011,,465,1510,6230,1.1,美国,日本,剧情,动画,喜剧
,32,2019,,1,,,,,,,,
成都,1117,2009,F,222,1167,3290,0.5,美国,中国大陆,剧情,爱情,喜剧
上海,48,2016,M,4,,,,,,,,
上海,174,2013,M,266,804,2030,0.8,美国,日本,剧情,科幻,惊悚
杭州,3083,2014,F,955,2882,9660,3.7,美国,日本,剧情,喜剧,动画
上海,2079,2009,F,550,3030,4830,1.1,日本,中国大陆,剧情,喜剧,动画
湘潭,6,2011,F,0,,,,,,,,
北京,304,2011,M,24,65,630,0.1,日本,美国,剧情,动画,爱情
保定,1688,2011,,96,509,490,0.3,日本,美国,剧情,动画,喜剧
,116,2018,,0,,,,,,,,
台州,384,2013,F,561,2833,10220,1.9,日本,中国大陆,剧情,喜剧,爱情
Chad,323,2019,,0,,,,,,,,
北京,154,2015,M,31,103,1540,0.2,美国,中国大陆,剧情,喜剧,科幻
武汉,32,2019,M,26,154,210,6.5,日本,美国,动画,剧情,科幻
上海,2027,2010,F,109,403,3360,0.3,美国,日本,剧情,动作,冒险
深圳,52,2018,,21,177,770,0.3,美国,中国大陆,剧情,冒险,动作
郑州,1808,2010,M,120,294,2100,0.3,美国,中国大陆,剧情,爱情,动作
天津,4170,2007,M,2071,10619,14980,3.3,美国,日本,剧情,喜剧,动作
北京,5258,2009,M,483,2373,10150,0.9,中国大陆,美国,剧情,喜剧,犯罪
杭州,2428,2014,M,208,438,8750,0.9,美国,中国大陆,动作,科幻,冒险
上海,1645,2010,U,57,578,840,0.1,美国,中国大陆,剧情,动作,奇幻
,1121,2016,F,99,435,3080,0.7,美国,中国大陆,剧情,动作,冒险
上海,626,2012,U,33,114,280,0.1,美国,英国,剧情,爱情,同性
,491,2009,U,59,246,490,0.1,美国,韩国,剧情,喜剧,爱情
上海,1054,2007,,33,243,420,0.1,美国,日本,剧情,喜剧,爱情
香港,394,2018,F,965,7552,10010,20.1,中国大陆,香港,剧情,动作,喜剧
上海,437,2008,F,3,,,,,,,,
北京,1669,2016,F,128,289,4830,0.8,美国,中国大陆,剧情,动作,冒险
北京,6579,2011,F,1099,7063,11270,2.7,美国,日本,剧情,喜剧,爱情
广州,676,2017,M,197,487,1680,1.6,美国,英国,剧情,惊悚,喜剧
上海,5123,2010,,415,964,5880,0.9,美国,日本,剧情,爱情,喜剧
,1157,2017,,405,2007,4550,4.8,日本,中国大陆,剧情,动画,喜剧
成都,354,2014,F,63,195,910,0.3,美国,中国大陆,剧情,爱情,同性
上海,170,2013,U,46,164,560,0.2,日本,美国,剧情,爱情,喜剧
忻州,1734,2015,M,232,984,560,1.2,美国,日本,剧情,惊悚,科幻
福州,772,2014,M,46,171,1050,0.2,日本,中国大陆,剧情,动画,科幻
,158,2018,,382,3697,1470,11.6,日本,香港,剧情,喜剧,爱情
泰安,978,2011,M,304,922,6930,0.7,美国,中国大陆,剧情,喜剧,动作
北京,33,2013,,0,,,,,,,,
上海,1553,2016,,1161,3887,19880,8.7,美国,日本,剧情,喜剧,动作
上海,3313,2008,,755,3773,6160,1.3,美国,中国大陆,剧情,爱情,喜剧
北京,1306,2010,F,366,1149,5880,0.7,美国,中国大陆,剧情,爱情,喜剧
乌鲁木齐,272,2005,M,919,1765,9730,1.3,美国,香港,动作,剧情,冒险
San Francisco Bay Area,6118,2007,,1719,4470,16030,2.8,美国,日本,剧情,喜剧,爱情
La Habana,13024,2010,,898,4228,10290,1.9,中国大陆,美国,剧情,动作,喜剧
上海,2488,2009,M,1220,3389,8890,2.3,美国,日本,剧情,喜剧,犯罪
广州,1786,2010,U,19,57,70,0.0,日本,美国,剧情,动画,爱情
Antarctica,23814,2008,U,244,1256,2380,0.4,美国,英国,剧情,动作,冒险
合肥,1101,2011,U,209,1169,3010,0.5,美国,中国大陆,剧情,喜剧,爱情
北京,5340,2008,,768,2415,6020,1.3,美国,日本,剧情,喜剧,爱情
Fiji,4640,2008,,799,2497,7210,1.5,美国,香港,剧情,喜剧,爱情
,27,2015,M,347,1095,4340,1.7,日本,美国,剧情,喜剧,动画
,10,2018,,28,57,1400,1.3,美国,英国,剧情,冒险,动作
上海,4298,2005,M,1232,2767,15540,1.7,美国,中国大陆,剧情,喜剧,爱情
,598,2017,,100,244,3010,0.8,美国,中国大陆,剧情,喜剧,爱情
,421,2012,,255,849,6510,0.8,美国,中国大陆,剧情,喜剧,动作
香港,381,2010,M,85,287,1120,0.2,美国,英国,剧情,冒险,喜剧
杭州,1100,2006,M,207,445,4970,0.3,美国,中国大陆,剧情,动作,冒险
西安,4670,2010,M,562,1872,8960,1.2,美国,中国大陆,剧情,喜剧,动作
上海,427,2014,,70,195,700,0.3,美国,英国,剧情,冒险,喜剧
北京,101,2010,,336,2761,1190,0.8,美国,日本,剧情,爱情,喜剧
北京,2727,2014,M,118,436,2870,0.5,美国,日本,剧情,科幻,动作
澳门,2260,2010,M,355,1509,4270,0.7,美国,香港,剧情,爱情,喜剧
上海,1293,2011,U,768,5820,4620,1.8,美国,日本,剧情,喜剧,爱情
北京,3677,2010,M,444,986,5880,1.0,美国,中国大陆,剧情,喜剧,爱情
苏州,2102,2012,,126,307,1540,0.3,美国,英国,剧情,爱情,冒险
马鞍山,5828,2008,M,167,561,700,0.3,美国,中国大陆,剧情,喜剧,犯罪
Boston,5109,2008,F,510,4066,4970,0.9,中国大陆,美国,剧情,爱情,喜剧
上海,156,2013,U,35,102,140,0.1,美国,英国,剧情,喜剧,悬疑
北京,353,2014,M,28,234,280,0.1,美国,英国,剧情,冒险,奇幻
,22,2011,F,204,829,3150,0.5,美国,英国,剧情,犯罪,悬疑
Chicago,5998,2008,F,1395,7701,11200,2.5,美国,中国大陆,剧情,喜剧,爱情
深圳,1988,2011,M,756,4580,8400,1.8,美国,中国大陆,剧情,爱情,喜剧
杭州,405,2010,M,39,143,1190,0.1,美国,中国大陆,剧情,喜剧,犯罪
,427,2015,,9,,,,,,,,
海口,8362,2006,,567,4219,1260,0.8,美国,日本,剧情,爱情,喜剧
苏州,5110,2010,M,340,1276,5670,0.8,美国,日本,剧情,喜剧,爱情
北京,2520,2016,F,145,783,4830,1.0,美国,中国大陆,剧情,喜剧,爱情
Kosovo,743,2016,U,826,4193,12530,6.1,美国,日本,剧情,喜剧,动作
西安,490,2011,,789,3033,17850,1.8,美国,中国大陆,剧情,动作,冒险
杭州,1238,2009,,736,3303,6790,1.4,美国,英国,剧情,喜剧,爱情
广州,2352,2010,,914,2322,7770,2.0,美国,英国,剧情,喜剧,爱情
西安,349,2017,U,366,802,2240,2.9,美国,日本,动画,喜剧,短片
杭州,795,2013,F,245,1252,3710,0.8,美国,香港,剧情,喜剧,爱情
,1094,2018,,0,,,,,,,,
,4071,2007,,263,841,3920,0.4,美国,香港,剧情,动作,喜剧
香港,1229,2009,U,223,696,5110,0.4,美国,中国大陆,剧情,爱情,喜剧
镇江,7,2012,,0,,,,,,,,
成都,193,2012,,130,1356,1050,0.4,美国,中国大陆,剧情,爱情,冒险
澳门,457,2011,,7,,,,,,,,
广州,1694,2008,M,713,2070,10710,1.3,美国,日本,剧情,动作,动画
杭州,216,2009,,84,180,3990,0.2,美国,中国大陆,剧情,动作,冒险
Lausanne,2280,2007,M,408,1092,12530,0.7,美国,中国大陆,剧情,喜剧,动作
New York City,1505,2016,U,127,411,3010,0.9,美国,中国大陆,剧情,爱情,喜剧
深圳,397,2009,F,214,861,1330,0.5,日本,韩国,剧情,爱情,喜剧
深圳,361,2014,M,5,,,,,,,,
上海,365,2009,F,67,195,2170,0.1,中国大陆,美国,剧情,喜剧,动作
深圳,1711,2009,F,148,521,4340,0.3,美国,中国大陆,剧情,喜剧,动画
上海,82,2013,U,647,2328,7210,2.1,美国,日本,剧情,爱情,喜剧
上海,13638,2006,M,1020,4122,11130,1.5,中国大陆,美国,剧情,爱情,喜剧
,71,2018,,4,,,,,,,,
成都,1887,2010,F,222,625,4270,0.5,美国,日本,剧情,喜剧,爱情
Bergen,800,2010,,378,1321,5040,0.8,美国,中国大陆,剧情,动作,爱情
,521,2018,M,108,523,2520,2.3,美国,中国大陆,剧情,动作,科幻
南京,1793,2016,,5211,18593,58380,28.9,美国,中国大陆,剧情,喜剧,动作
深圳,253,2014,M,206,1725,6720,0.8,中国大陆,香港,剧情,动作,喜剧
上海,963,2010,U,326,1074,3500,0.7,美国,法国,剧情,爱情,喜剧
上海,132,2015,F,300,1573,5390,1.7,中国大陆,美国,剧情,犯罪,悬疑
上海,1783,2010,M,649,2980,7840,1.3,日本,美国,喜剧,剧情,动画
上海,49,2016,,159,352,4130,1.1,美国,中国大陆,剧情,喜剧,冒险
厦门,1279,2012,M,559,1214,12460,1.5,美国,中国大陆,剧情,动作,喜剧
Edmonton,1178,2010,F,615,2564,7280,1.3,美国,中国大陆,剧情,喜剧,爱情
,1087,2015,,42,377,560,0.2,中国大陆,日本,剧情,爱情,喜剧
苏州,1476,2015,F,83,419,1120,0.5,日本,中国大陆,动画,喜剧,剧情
,44,2009,,755,3497,7000,1.4,美国,日本,动画,喜剧,剧情
丽江,1551,2009,F,25,49,280,0.1,美国,日本,剧情,动画,动作
成都,1311,2012,U,28,239,1190,0.1,中国大陆,美国,剧情,爱情,犯罪
北京,1567,2012,F,25,101,980,0.1,美国,韩国,剧情,冒险,动作
天津,2,2010,,949,3786,9730,2.0,美国,英国,剧情,爱情,喜剧
Fiji,176,2013,,12,20,70,0.0,英国,美国,剧情,喜剧,纪录片
东营,117,2016,F,2,,,,,,,,
西安,1577,2010,F,145,349,1400,0.3,美国,英国,剧情,爱情,喜剧
深圳,3575,2010,M,12,86,140,0.0,美国,中国大陆,剧情,纪录片,喜剧
,2055,2013,F,881,5184,9590,2.7,中国大陆,美国,剧情,爱情,喜剧
P'yŏngyang,2744,2013,,171,429,1330,0.6,中国大陆,美国,剧情,爱情,喜剧
New York City,274,2016,M,238,630,5110,1.3,美国,英国,剧情,喜剧,冒险
德阳,5492,2008,,1981,5215,26530,3.6,美国,中国大陆,剧情,喜剧,动作
杭州,1960,2009,,192,594,1400,0.4,美国,日本,剧情,动画,动作
上海,346,2014,,401,2314,7700,1.5,美国,中国大陆,剧情,喜剧,爱情
上海,175,2010,M,49,155,1820,0.1,中国大陆,美国,剧情,喜剧,犯罪
上海,2997,2017,U,5,,,,,,,,
杭州,492,2008,,379,864,4830,0.7,美国,中国大陆,剧情,爱情,喜剧
无锡,55,2011,,306,866,5040,0.8,美国,中国大陆,剧情,爱情,喜剧
上海,3515,2007,,1724,4615,14770,2.8,美国,英国,剧情,动作,惊悚
,,,,,,,,,,,,
北京,78,2015,,107,301,560,0.6,美国,英国,剧情,爱情,喜剧
广州,2137,2007,F,182,1372,3290,0.3,美国,日本,剧情,动画,爱情
广州,652,2009,U,1654,5654,20860,3.1,美国,中国大陆,剧情,喜剧,爱情
,,,,,,,,,,,,
成都,111,2014,,7,,,,,,,,
Waterloo,1,2010,M,733,3866,8540,1.6,美国,中国大陆,剧情,喜剧,爱情
南京,2666,2017,U,865,3017,17640,7.3,美国,中国大陆,剧情,喜剧,动画
,,,,,,,,,,,,
大连,916,2010,F,581,2682,5250,1.3,日本,中国大陆,剧情,爱情,喜剧
杭州,2451,2008,M,343,1161,7350,0.6,美国,中国大陆,剧情,动作,喜剧
厦门,526,2012,,66,629,140,0.2,韩国,美国,剧情,爱情,喜剧
,1977,2017,,0,,,,,,,,
上海,129,2018,M,49,109,1890,1.3,美国,中国大陆,剧情,动作,喜剧
上海,25,2017,,3,,,,,,,,
西安,4427,2016,F,224,1444,5810,1.5,中国大陆,美国,剧情,爱情,喜剧
上海,2313,2012,,293,899,3850,0.8,美国,日本,剧情,动作,喜剧
,144,2015,U,7,,,,,,,,
,,,,,,,,,,,,
Chicago,1817,2006,,538,1168,6650,0.8,美国,中国大陆,剧情,爱情,喜剧
深圳,95,2013,F,766,3304,8960,2.6,美国,日本,剧情,喜剧,爱情
苏州,1560,2017,U,159,827,2030,1.3,日本,美国,剧情,动画,喜剧
南京,301,2014,F,78,355,1680,0.3,中国大陆,美国,剧情,爱情,喜剧
Praha,945,2014,U,392,996,7140,1.5,美国,中国大陆,剧情,爱情,喜剧
,69,2015,M,830,2351,18900,4.5,美国,中国大陆,剧情,爱情,喜剧
珠海,346,2014,M,233,759,5110,0.9,美国,中国大陆,剧情,动作,喜剧
重庆,292,2014,,113,446,1470,0.4,美国,日本,剧情,爱情,喜剧
香港,815,2011,F,80,195,1400,0.2,美国,中国大陆,剧情,爱情,喜剧
拉萨,385,2010,,1,,,,,,,,
Melbourne,166,2018,,182,1211,2310,2.7,美国,韩国,剧情,爱情,喜剧
广州,2779,2011,U,381,830,5460,0.9,美国,英国,剧情,喜剧,爱情
Minneapolis,317,2011,,287,1168,3920,0.7,中国大陆,美国,剧情,爱情,动画
北京,1129,2016,,159,896,4130,1.0,美国,中国大陆,动作,科幻,剧情
武汉,547,2013,F,639,2100,12810,1.9,韩国,美国,剧情,爱情,喜剧
Columbus,1507,2011,F,441,2007,3640,1.1,美国,英国,剧情,爱情,喜剧
北京,15763,2009,F,912,5984,16590,1.8,美国,中国大陆,剧情,动作,爱情
,0,2018,,0,,,,,,,,
上海,25,2010,,23,61,770,0.1,美国,中国大陆,科幻,剧情,喜剧
P'yŏngyang,16171,2009,,352,2017,1960,0.7,美国,日本,剧情,动作,动画
杭州,307,2006,,425,991,3220,0.7,美国,香港,剧情,爱情,喜剧
北京,1374,2010,U,108,345,840,0.2,日本,美国,剧情,爱情,喜剧
广州,2452,2012,,705,2530,13790,1.8,美国,中国大陆,剧情,动作,喜剧
济南,414,2015,F,94,1420,2310,0.5,中国大陆,美国,剧情,爱情,喜剧
宁波,28,2011,,77,164,1680,0.2,美国,中国大陆,剧情,爱情,喜剧
北京,4113,2016,F,830,2182,9520,4.6,美国,中国大陆,剧情,喜剧,爱情
Kābol,3684,2011,F,379,1758,4550,0.9,美国,中国大陆,剧情,动作,爱情
成都,1158,2018,,7,,,,,,,,
,2524,2006,U,2996,7592,23310,4.4,美国,中国大陆,剧情,喜剧,动作
,491,2014,U,4,,,,,,,,
杭州,22,2017,M,847,3900,5460,9.2,美国,法国,剧情,爱情,喜剧
深圳,586,2010,,3,,,,,,,,
,,,,,,,,,,,,
上海,1375,2014,,14,30,70,0.1,美国,日本,喜剧,剧情,科幻
上海,39,2015,M,2,,,,,,,,
深圳,174,2010,F,47,389,280,0.1,美国,日本,剧情,悬疑,犯罪
,,,,,,,,,,,,
西安,365,2017,F,14,29,420,0.3,美国,英国,剧情,动作,科幻
杭州,588,2007,,225,466,1890,0.4,香港,中国大陆,喜剧,剧情,爱情
中山,2278,2011,M,72,327,1400,0.2,美国,香港,动作,剧情,犯罪
成都,1847,2007,F,1183,3104,9310,1.9,美国,香港,剧情,动作,喜剧
上海,288,2010,,487,1450,8120,1.1,美国,中国大陆,剧情,喜剧,动作
上海,733,2011,M,46,123,350,0.1,美国,英国,剧情,犯罪,传记
Toronto,281,2016,F,7,,,,,,,,
金华,77,2013,,9,,,,,,,,
武汉,1902,2011,U,187,1120,4130,0.4,中国大陆,美国,剧情,喜剧,爱情
武汉,703,2012,,7,,,,,,,,
Port-au-Prince,35807,2012,,213,1811,3150,0.6,中国大陆,美国,剧情,爱情,喜剧
深圳,3032,2009,,882,3346,10430,1.8,中国大陆,美国,剧情,喜剧,动画
香港,2418,2006,F,699,2074,14000,1.0,美国,中国大陆,剧情,动作,喜剧
上海,161,2013,F,3,,,,,,,,
北京,1741,2011,M,427,1790,13510,1.0,美国,中国大陆,剧情,喜剧,动作
上海,2278,2014,,4,,,,,,,,
Daejeon (Taejŏn),491,2011,,154,380,3780,0.4,美国,中国大陆,剧情,动作,犯罪
成都,429,2007,M,78,283,490,0.1,日本,美国,动画,动作,剧情
上海,262,2012,M,35,102,560,0.1,美国,中国大陆,剧情,音乐,爱情
,1846,2007,U,94,747,2590,0.2,中国大陆,日本,剧情,喜剧,爱情
常州,3286,2009,M,115,266,1120,0.2,美国,中国大陆,剧情,爱情,喜剧
,535,2008,,484,1704,3710,0.9,美国,香港,剧情,喜剧,动作
深圳,5237,2011,M,133,435,3290,0.3,中国大陆,美国,剧情,犯罪,动作
深圳,60,2015,M,228,484,8540,1.0,中国大陆,香港,剧情,喜剧,动作
上海,24392,2007,,18,122,210,0.0,日本,美国,喜剧,动画,冒险
上海,156,2010,U,89,218,2730,0.2,美国,中国大陆,剧情,动作,冒险
深圳,1040,2007,F,166,735,3220,0.3,美国,日本,剧情,喜剧,动作
,1186,2008,,215,691,1120,0.4,美国,日本,科幻,剧情,动画
,,,,,,,,,,,,
Timor-Leste,374,2016,F,58,114,1470,0.3,美国,中国大陆,剧情,喜剧,犯罪
,,,,,,,,,,,,
丽水,1308,2011,U,189,729,2240,0.5,美国,日本,剧情,喜剧,动画
北京,731,2008,M,94,233,1820,0.2,美国,中国大陆,剧情,动作,爱情
大连,4343,2011,M,639,3991,10010,1.5,中国大陆,美国,剧情,爱情,喜剧
上海,2242,2016,,39,79,770,0.3,中国大陆,美国,剧情,动作,历史
福州,1187,2018,,15,68,70,0.2,日本,美国,剧情,动画,喜剧
广州,435,2013,M,28,148,140,0.1,美国,德国,剧情,科幻,犯罪
,2274,2011,,803,2525,8540,2.0,美国,英国,剧情,爱情,喜剧
Fès,340,2017,,87,293,1680,1.0,中国大陆,美国,剧情,爱情,喜剧
北京,302,2017,M,93,190,2240,0.8,美国,日本,剧情,爱情,喜剧
上海,5004,2006,F,773,2863,8120,1.1,美国,英国,剧情,爱情,喜剧
北京,1462,2013,,249,981,3710,0.8,美国,日本,剧情,爱情,喜剧
北京,2385,2010,F,210,1297,5530,0.4,中国大陆,香港,剧情,喜剧,爱情
Calgary,1699,2016,U,120,575,3780,0.7,日本,美国,剧情,爱情,奇幻
昆明,8236,2009,M,843,4251,7140,1.6,美国,日本,剧情,喜剧,爱情
New York City,2549,2012,U,132,345,1050,0.4,美国,法国,剧情,爱情,喜剧
北京,3059,2011,U,904,3124,7490,2.1,美国,英国,剧情,喜剧,爱情
北京,1105,2008,F,486,1439,9940,0.8,美国,中国大陆,剧情,爱情,喜剧
Mendoza,958,2012,M,112,501,630,0.3,美国,英国,剧情,喜剧,爱情
上海,774,2010,M,285,785,10010,0.6,中国大陆,美国,剧情,喜剧,动作
,616,2007,M,84,314,840,0.1,美国,中国大陆,剧情,喜剧,爱情
重庆,369,2016,M,70,329,630,0.4,日本,美国,动画,剧情,爱情
Singapore,344,2008,,451,1070,4550,0.8,美国,英国,剧情,喜剧,冒险
上海,11782,2008,M,765,3627,8260,1.3,美国,日本,剧情,喜剧,动作
上海,12353,2011,,2941,12570,18270,7.1,美国,日本,剧情,动画,喜剧
San Francisco Bay Area,2958,2008,M,457,1381,4900,0.8,美国,中国大陆,剧情,爱情,喜剧
北京,394,2016,,62,297,1470,0.5,美国,中国大陆,剧情,冒险,奇幻
北京,620,2015,F,465,1380,14000,2.0,美国,中国大陆,剧情,动作,喜剧
石家庄,405,2016,U,147,369,2380,1.1,美国,日本,剧情,喜剧,犯罪
杭州,3474,2009,F,2899,15983,18340,5.6,日本,中国大陆,剧情,爱情,喜剧
重庆,869,2012,,84,565,350,0.2,美国,日本,动画,喜剧,剧情
北京,1016,2010,M,794,3470,10500,1.7,美国,中国大陆,动作,剧情,喜剧
郑州,2251,2010,M,217,612,910,0.6,美国,中国大陆,剧情,喜剧,爱情
成都,1744,2008,M,896,2209,11550,1.5,美国,中国大陆,剧情,喜剧,爱情
杭州,596,2011,U,60,238,630,0.1,日本,美国,剧情,爱情,喜剧
杭州,1373,2011,,197,542,2450,0.5,美国,英国,剧情,喜剧,动作
宁波,350,2015,M,0,,,,,,,,
深圳,4835,2010,M,515,2040,7980,1.1,美国,日本,剧情,爱情,动作
日照,295,2011,M,45,243,1400,0.1,中国大陆,美国,剧情,喜剧,爱情
上海,1760,2009,,385,1410,7560,0.8,美国,英国,剧情,爱情,喜剧
,3129,2009,,154,557,350,0.3,日本,美国,剧情,科幻,喜剧
香港,9614,2009,U,756,2061,6090,1.4,美国,日本,剧情,科幻,动作
San Francisco Bay Area,2604,2007,,46,161,490,0.1,美国,日本,剧情,科幻,喜剧
沈阳,1161,2015,F,268,2113,4830,1.4,美国,中国大陆,剧情,喜剧,爱情
成都,613,2009,M,245,741,6160,0.5,美国,中国大陆,剧情,动作,喜剧
福州,459,2015,F,20,38,280,0.1,美国,法国,剧情,惊悚,科幻
,,,,,,,,,,,,
上海,383,2013,,211,809,6230,0.7,美国,中国大陆,剧情,喜剧,动作
,1347,2010,,529,1235,3290,1.1,美国,日本,剧情,爱情,喜剧
洛阳,958,2016,M,9,,,,,,,,
北京,41,2011,M,193,1248,4550,0.5,中国大陆,美国,剧情,爱情,喜剧
北京,984,2009,M,224,899,1400,0.5,美国,英国,喜剧,剧情,动作
上海,3130,2011,F,1433,5677,11830,3.7,美国,中国大陆,剧情,爱情,喜剧
杭州,3330,2007,F,265,1072,1610,0.4,美国,英国,剧情,喜剧,爱情
北京,1371,2008,F,270,832,6020,0.5,美国,日本,剧情,冒险,动作
上海,1302,2009,M,292,942,7630,0.5,美国,中国大陆,剧情,爱情,动作
宜昌,826,2015,,544,2248,770,2.6,日本,美国,动画,剧情,喜剧
,,,,,,,,,,,,
天津,480,2011,,550,1501,7420,1.3,中国大陆,美国,剧情,爱情,喜剧
晋中,2363,2013,M,20,73,700,0.1,中国大陆,美国,喜剧,剧情,动作
昆明,2877,2009,,430,1502,7840,0.8,美国,日本,剧情,动作,动画
成都,1633,2011,,1,,,,,,,,
上海,2255,2008,M,12,60,140,0.0,中国大陆,美国,剧情,犯罪,动作
南京,2782,2011,M,450,1553,1680,1.1,美国,韩国,剧情,爱情,犯罪
南京,264,2013,F,6,,,,,,,,
Seattle,7234,2011,,192,714,1750,0.4,日本,美国,剧情,动画,爱情
上海,573,2018,,415,1314,7980,5.6,美国,英国,剧情,科幻,动作
苏州,70,2008,,10,21,210,0.0,法国,英国,剧情,喜剧,冒险
,753,2013,,754,4681,7280,2.4,中国大陆,美国,剧情,喜剧,动画
绍兴,449,2009,,117,393,1400,0.2,美国,中国大陆,剧情,冒险,爱情
保定,826,2012,M,0,,,,,,,,
澳门,10858,2010,M,110,361,280,0.3,美国,中国大陆,剧情,动作,犯罪
北京,52,2011,F,119,1337,1680,0.3,韩国,美国,剧情,爱情,喜剧
上海,2537,2010,M,525,1446,5740,1.1,美国,英国,剧情,动作,惊悚
杭州,3785,2008,F,764,4544,5740,1.3,美国,香港,剧情,爱情,喜剧
Auckland,2560,2015,U,266,1736,3990,1.4,美国,中国大陆,剧情,动画,喜剧
汕头,11118,2006,M,1136,3545,1680,1.6,日本,美国,动画,剧情,动作
徐州,2075,2015,F,76,198,1890,0.4,中国大陆,美国,剧情,喜剧,爱情
常州,6095,2009,,44,159,980,0.1,美国,中国大陆,剧情,爱情,科幻
南京,1320,2012,U,347,1092,4060,1.0,美国,英国,剧情,动作,犯罪
杭州,2011,2010,U,1341,2715,11480,2.9,美国,中国大陆,剧情,喜剧,动作
北京,1020,2009,,229,1191,4690,0.5,中国大陆,美国,剧情,爱情,喜剧
上海,628,2013,M,391,1835,4410,1.2,美国,日本,剧情,喜剧,动画
La Paz,662,2017,M,16,89,420,0.2,中国大陆,日本,剧情,悬疑,惊悚
西安,3311,2016,U,175,838,2660,1.1,美国,英国,剧情,喜剧,爱情
上海,5792,2010,M,1788,5799,6300,4.0,日本,美国,剧情,动画,喜剧
苏州,952,2014,M,308,995,5530,1.3,中国大陆,美国,剧情,喜剧,动作
北京,15609,2013,M,44,312,840,0.1,日本,美国,剧情,动画,动作
深圳,3334,2009,M,795,1906,12040,1.5,美国,中国大陆,剧情,喜剧,动作
北京,330,2013,M,85,288,1330,0.3,日本,美国,剧情,动画,科幻
Ciudad de Panamá,5128,2014,F,60,298,1190,0.3,美国,英国,剧情,惊悚,科幻
Waterloo,1487,2010,U,256,1093,5460,0.5,美国,中国大陆,剧情,喜剧,爱情
,1,2008,M,2048,3891,10990,3.7,美国,法国,剧情,喜剧,爱情
Pittsburgh,1911,2010,,146,940,1400,0.3,美国,英国,剧情,喜剧,爱情
,,,,,,,,,,,,
New York City,2072,2008,M,551,2534,3360,1.0,日本,美国,动画,剧情,爱情
深圳,1239,2009,M,1006,4059,8470,2.0,美国,香港,剧情,动作,喜剧
Berlin,2038,2007,,584,1876,4410,0.9,美国,英国,剧情,喜剧,爱情
北京,29707,2006,,1370,4084,10640,2.1,美国,中国大陆,剧情,喜剧,犯罪
Edinburgh,10953,2008,M,1052,2296,6230,1.8,美国,英国,剧情,动作,喜剧
San Francisco Bay Area,792,2014,U,675,3358,3080,2.6,日本,美国,动画,剧情,科幻
Providence,6811,2008,M,404,854,6160,0.7,美国,英国,剧情,动作,喜剧
Yokohama,335,2011,,1605,5720,8610,3.8,日本,美国,剧情,动画,喜剧
北京,1970,2012,U,233,820,3640,0.7,美国,英国,剧情,动画,冒险
Madison,660,2015,M,143,685,3850,0.7,美国,中国大陆,剧情,犯罪,喜剧
上海,1798,2007,F,2004,12092,9100,3.3,日本,美国,剧情,爱情,喜剧
Reykjavík,69,2015,U,694,2024,6650,3.1,美国,英国,剧情,喜剧,爱情
Freetown,1789,2008,M,2374,7958,27650,4.1,美国,中国大陆,剧情,喜剧,动作
上海,319,2011,M,44,95,2310,0.1,美国,中国大陆,动作,剧情,冒险
上海,1861,2007,,698,4075,3500,1.2,日本,香港,剧情,喜剧,爱情
上海,628,2010,,76,182,700,0.2,日本,美国,动画,剧情,冒险
上海,16807,2007,U,2010,7569,14490,3.1,美国,日本,剧情,动作,动画
上海,407,2017,U,52,183,1750,0.6,日本,中国大陆,剧情,动画,奇幻
杭州,350,2010,U,749,3464,12670,1.5,中国大陆,美国,剧情,爱情,喜剧
杭州,130,2017,F,1,,,,,,,,
北京,0,2014,,1,,,,,,,,
上海,1035,2008,,225,648,4620,0.4,美国,中国大陆,剧情,爱情,动作
上海,337,2012,F,431,1147,3010,1.1,美国,英国,剧情,喜剧,爱情
上海,1556,2011,,406,1275,9730,1.0,中国大陆,美国,剧情,爱情,喜剧
深圳,9713,2005,M,580,1541,8330,0.8,美国,中国大陆,剧情,爱情,喜剧
,4861,2012,U,904,2085,10360,2.7,美国,英国,喜剧,剧情,动作
南京,704,2008,,277,877,2660,0.5,日本,美国,剧情,喜剧,动画
杭州,1057,2011,F,391,1341,3430,1.2,美国,日本,喜剧,剧情,动作
西安,7003,2010,F,73,310,210,0.2,美国,英国,剧情,爱情,犯罪
,3874,2006,,1875,5149,16870,2.8,美国,中国大陆,剧情,喜剧,动作
上海,713,2010,,76,503,2590,0.2,中国大陆,美国,剧情,喜剧,冒险
香港,3460,2006,F,284,696,5670,0.4,中国大陆,美国,剧情,爱情,动画
上海,1447,2009,M,332,1240,2940,0.6,日本,美国,剧情,喜剧,爱情
,29,2016,F,0,,,,,,,,
成都,1009,2009,M,274,1168,2660,0.5,美国,中国大陆,剧情,惊悚,悬疑
上海,126,2016,,20,43,770,0.2,美国,澳大利亚,剧情,喜剧,动作
株洲,5193,2008,U,1089,3235,15890,2.0,中国大陆,美国,剧情,爱情,喜剧
丽水,5122,2008,F,1099,6103,10080,1.8,美国,日本,剧情,动画,喜剧
,,,,,,,,,,,,
Kosovo,1806,2015,U,22,49,280,0.1,美国,伊朗,剧情,家庭,悬疑
上海,2597,2009,,491,1973,7280,1.0,美国,日本,剧情,动作,冒险
台北,229,2012,F,1245,3004,7700,3.4,美国,英国,剧情,喜剧,惊悚
上海,12450,2010,M,1201,6057,8680,2.7,美国,日本,剧情,动画,喜剧
上海,4060,2013,M,57,193,770,0.2,日本,美国,剧情,喜剧,爱情
Los Angeles,740,2013,,186,453,3290,0.6,美国,日本,剧情,冒险,科幻
上海,5863,2008,,39,96,910,0.1,日本,美国,剧情,动画,科幻
香港,2833,2009,M,864,2485,11060,1.7,美国,日本,剧情,喜剧,动作
New York City,2220,2016,F,369,1740,3710,2.5,美国,日本,剧情,喜剧,爱情
上海,3153,2012,U,859,2378,3010,2.5,日本,美国,动画,剧情,喜剧
San Francisco Bay Area,34,2010,,151,327,4060,0.3,美国,英国,剧情,冒险,动作
上海,4981,2006,M,2118,6682,24640,3.2,美国,日本,剧情,喜剧,动作
上海,7549,2006,,808,2460,14770,1.2,美国,中国大陆,剧情,动作,冒险
Tōkyō,3193,2012,F,565,2006,5180,1.6,日本,美国,剧情,动画,喜剧
上海,14338,2007,,425,2115,8190,0.7,美国,日本,剧情,动作,动画
,,,,,,,,,,,,
上海,8,2013,,5,,,,,,,,
上海,629,2009,U,379,902,5880,0.8,美国,中国大陆,喜剧,动作,剧情
